payment_id,order_id,payment_date,payment_status,amount
1,1,2024-01-12,Success,79999.00
2,2,2024-01-18,Success,2499.00
3,3,2024-02-03,Success,59999.00
4,4,2024-02-15,Success,4999.00
5,5,2024-03-01,Success,2899.00
6,6,2024-03-12,Success,699.00
7,7,2024-04-05,Success,24999.00
8,8,2024-04-18,Pending,1499.00
9,9,2024-05-08,Success,499.00
10,10,2024-05-21,Success,3499.00
11,11,2024-06-02,Success,15999.00
12,12,2024-06-18,Success,320.00
13,13,2024-07-03,Success,899.00
14,14,2024-07-20,Success,1799.00
15,15,2024-08-05,Success,6999.00
16,16,2024-08-18,Pending,550.00
17,17,2024-09-01,Success,64999.00
18,18,2024-09-15,Success,4999.00
19,19,2024-10-03,Success,220.00
20,20,2024-10-20,Success,3999.00
21,21,2024-10-25,Success,6999.00
22,22,2024-10-28,Success,499.00
23,23,2024-11-02,Pending,1799.00
24,24,2024-11-05,Success,12999.00
25,25,2024-11-08,Success,799.00
26,26,2024-11-12,Success,2499.00
27,27,2024-11-16,Success,35999.00
28,28,2024-11-20,Success,699.00
29,29,2024-11-23,Success,5499.00
30,30,2024-11-28,Pending,29999.00
31,31,2024-12-02,Success,3999.00
32,32,2024-12-05,Success,899.00
33,33,2024-12-08,Success,320.00
34,34,2024-12-10,Success,1599.00
35,35,2024-12-12,Success,64999.00
36,36,2024-12-15,Success,24999.00
37,37,2024-12-18,Success,420.00
38,38,2024-12-20,Success,4999.00
39,39,2024-12-22,Pending,550.00
40,40,2024-12-24,Success,6999.00
41,41,2025-01-02,Success,79999.00
42,42,2025-01-05,Success,2499.00
43,43,2025-01-08,Success,3499.00
44,44,2025-01-10,Success,499.00
45,45,2025-01-12,Success,18999.00
46,46,2025-01-15,Success,699.00
47,47,2025-01-18,Success,2799.00
48,48,2025-01-20,Success,599.00
49,49,2025-01-23,Success,17999.00
50,50,2025-01-25,Success,899.00
51,51,2025-02-02,Success,4999.00
52,52,2025-02-05,Success,699.00
53,53,2025-02-08,Success,24999.00
54,54,2025-02-12,Success,6999.00
55,55,2025-02-15,Success,3499.00
56,56,2025-02-18,Success,15999.00
57,57,2025-02-20,Success,320.00
58,58,2025-02-22,Success,999.00
59,59,2025-02-25,Success,5499.00
60,60,2025-02-28,Success,220.00
61,61,2025-03-01,Success,79999.00
62,62,2025-03-03,Success,3999.00
63,63,2025-03-05,Success,599.00
64,64,2025-03-07,Success,4999.00
65,65,2025-03-09,Success,24999.00
66,66,2025-03-11,Success,799.00
67,67,2025-03-13,Success,12999.00
68,68,2025-03-15,Success,29999.00
69,69,2025-03-17,Success,420.00
70,70,2025-03-19,Success,64999.00
71,71,2025-03-21,Success,17999.00
72,72,2025-03-23,Pending,3499.00
73,73,2025-03-25,Pending,899.00
74,74,2025-03-27,Success,2499.00
75,75,2025-03-29,Success,6999.00
76,76,2025-04-02,Success,499.00
77,77,2025-04-05,Success,550.00
78,78,2025-04-07,Success,15999.00
79,79,2025-04-09,Success,899.00
80,80,2025-04-11,Success,320.00
81,81,2025-04-13,Success,699.00
82,82,2025-04-15,Success,999.00
83,83,2025-04-17,Success,2799.00
84,84,2025-04-19,Success,6999.00
85,85,2025-04-21,Success,4999.00
86,86,2025-04-23,Success,24999.00
87,87,2025-04-25,Success,35999.00
88,88,2025-04-27,Success,5499.00
89,89,2025-04-29,Success,220.00
90,90,2025-05-01,Success,799.00
91,91,2025-05-03,Success,12999.00
92,92,2025-05-05,Success,699.00
93,93,2025-05-07,Success,18999.00
94,94,2025-05-09,Success,2499.00
95,95,2025-05-11,Success,499.00
96,96,2025-05-13,Success,899.00
97,97,2025-05-15,Success,64999.00
98,98,2025-05-17,Success,3499.00
99,99,2025-05-19,Success,550.00
100,100,2025-05-21,Success,15999.00
